[ 
 
{ 
"title"    : "Design lessons from homo economicus", 
"desc"     : "Design lessons from homo economicus", 
"category" : "economics, HCD, user_research, design, product, trauma", 
"url"      : "/2025-11-02-homo-economicus/", 
"date"     : "November  2, 2025" 
}, 
 
{ 
"title"    : "It’s Time for Trauma-Informed Design", 
"desc"     : "It’s Time for Trauma-Informed Design", 
"category" : "user_research, design, product, trauma", 
"url"      : "/2025-10-09-trauma-informed-design/", 
"date"     : "October  9, 2025" 
}, 
 
 
{ 
"title"    : "About", 
"desc"     : "About", 
"category" : "page", 
"url"      : "/about/", 
"date"     : "January 1, 1970" 
}, 
 
{ 
"title"    : "Articles", 
"desc"     : "Articles", 
"category" : "page", 
"url"      : "/articles/", 
"date"     : "January 1, 1970" 
}, 
 
{ 
"title"    : "Classes", 
"desc"     : "Classes", 
"category" : "page", 
"url"      : "/classes/", 
"date"     : "January 1, 1970" 
}, 
 
{ 
"title"    : "Haymarket Studio", 
"desc"     : "Haymarket Studio", 
"category" : "page", 
"url"      : "/", 
"date"     : "January 1, 1970" 
}, 
 
{ 
"title"    : "Tag Index", 
"desc"     : "Tag Index", 
"category" : "page", 
"url"      : "/tags/", 
"date"     : "January 1, 1970" 
}, 
 
{ 
"title"    : "What we do", 
"desc"     : "What we do", 
"category" : "page", 
"url"      : "/what-we-do/", 
"date"     : "January 1, 1970" 
}, 
 
{ 
"title"    : "Work With Us", 
"desc"     : "Work With Us", 
"category" : "page", 
"url"      : "/work-with-us/", 
"date"     : "January 1, 1970" 
} 
 
]
