[ 
 
{ 
"title"    : "Sample blog post to learn markdown tips", 
"desc"     : "Sample blog post to learn markdown tips", 
"category" : "test", 
"url"      : "/2020-02-28-sample-markdown/", 
"date"     : "February 28, 2020" 
}, 
 
 
{ 
"title"    : "About", 
"desc"     : "About", 
"category" : "page", 
"url"      : "/aboutme/", 
"date"     : "January 1, 1970" 
}, 
 
{ 
"title"    : "What we do", 
"desc"     : "What we do", 
"category" : "page", 
"url"      : "/home/", 
"date"     : "January 1, 1970" 
}, 
 
{ 
"title"    : "Haymarket Studio", 
"desc"     : "Haymarket Studio", 
"category" : "page", 
"url"      : "/", 
"date"     : "January 1, 1970" 
}, 
 
{ 
"title"    : "Tag Index", 
"desc"     : "Tag Index", 
"category" : "page", 
"url"      : "/tags/", 
"date"     : "January 1, 1970" 
}, 
 
{ 
"title"    : "What we do", 
"desc"     : "What we do", 
"category" : "page", 
"url"      : "/what-we-do/", 
"date"     : "January 1, 1970" 
}, 
 
{ 
"title"    : "Work With Us", 
"desc"     : "Work With Us", 
"category" : "page", 
"url"      : "/work-with-us/", 
"date"     : "January 1, 1970" 
} 
 
]
