<?xml version="1.0" encoding="UTF-8"?>
<rss version="2.0" xmlns:atom="http://www.w3.org/2005/Atom" xmlns:dc="http://purl.org/dc/elements/1.1/">
  <channel>
    
    <title>Haymarket Studio</title>
    
    
    <link>/</link>
    <atom:link href="/feed.xml" rel="self" type="application/rss+xml" />
    
    
      <item>
        <title>Design lessons from homo economicus</title>
        
        <dc:creator><![CDATA[ Gail Swanson ]]></dc:creator>
        
        <description>
          
          Standard economic theory is built upon the premise that people’s behavior is the result of logical reasoning and always prioritizing self interest. Adam Smith set down the foundational belief that men, I say men here because he didn’t consider women as economic actors, make decisions rationally, and prioritize their own...
        </description>
        <pubDate>Sun, 02 Nov 2025 00:00:00 -0500</pubDate>
        <link>/2025-11-02-homo-economicus/</link>
        <guid isPermaLink="true">https://haymarketstudio.co/2025-11-02-homo-economicus/</guid>
      </item>
    
      <item>
        <title>It’s Time for Trauma-Informed Design</title>
        
        <dc:creator><![CDATA[ Gail Swanson ]]></dc:creator>
        
        <description>
          
          In the field of civic technology, it’s clear why people working with the public would want to have trauma informed practices in place. Medical providers, social service providers’ front line staff, researchers and service designers all have an obvious need to understand how trauma affects people and how to best...
        </description>
        <pubDate>Thu, 09 Oct 2025 00:00:00 -0500</pubDate>
        <link>/2025-10-09-trauma-informed-design/</link>
        <guid isPermaLink="true">https://haymarketstudio.co/2025-10-09-trauma-informed-design/</guid>
      </item>
    
  </channel>
</rss>
